City_ID,City,Country,Lat,Lng,Max Temp,Humidity,Cloudiness,Wind Speed,Current Description
0,Dikson,RU,73.5069,80.5464,47.95,87,51,13.56,broken clouds
1,Winneba,GH,5.3511,-0.6231,72.16,85,52,5.84,broken clouds
2,Castro,BR,-24.7911,-50.0119,59.2,85,100,1.95,overcast clouds
3,San Quintin,MX,30.4833,-115.95,75.13,61,66,17.56,broken clouds
4,Ancud,CL,-41.8697,-73.8203,40.23,94,100,7.09,light rain
5,Vaini,TO,-21.2,-175.2,78.96,83,20,9.22,few clouds
6,Varhaug,NO,58.6147,5.6457,54.86,84,93,27.72,overcast clouds
7,Muhos,FI,64.808,25.9931,64.18,95,100,5.1,light rain
8,Colac,AU,-38.3333,143.5833,58.17,57,100,11.88,overcast clouds
9,Bredasdorp,ZA,-34.5322,20.0403,46.96,83,100,4.54,overcast clouds
10,Kapaa,US,22.0752,-159.319,80.19,76,10,5.01,clear sky
11,Saint Anthony,US,45.0205,-93.218,80.53,48,40,6.91,scattered clouds
12,Busselton,AU,-33.65,115.3333,61.2,79,98,10.65,overcast clouds
13,Grindavik,IS,63.8424,-22.4338,53.55,100,100,3.44,light intensity drizzle
14,Lompoc,US,34.6391,-120.4579,67.84,81,75,21.0,mist
15,Georgetown,MY,5.4112,100.3354,85.93,86,20,5.75,few clouds
16,Ushuaia,AR,-54.8,-68.3,31.66,86,40,28.77,light snow
17,Talnakh,RU,69.4865,88.3972,61.21,60,36,10.45,scattered clouds
18,Yellowknife,CA,62.456,-114.3525,68.52,42,75,6.91,broken clouds
19,Sioux Lookout,CA,50.1001,-91.917,73.47,53,40,5.75,scattered clouds
20,Puerto Ayora,EC,-0.7393,-90.3518,68.56,96,69,1.01,broken clouds
21,Codrington,AU,-38.2667,141.9667,57.56,69,100,14.0,overcast clouds
22,Deputatskiy,RU,69.3,139.9,56.17,52,5,15.99,clear sky
23,Cherskiy,RU,68.75,161.3,47.52,38,99,12.48,overcast clouds
24,Butaritari,KI,3.0707,172.7902,81.14,77,29,6.87,light rain
25,Praia Da Vitoria,PT,38.7333,-27.0667,71.85,88,20,1.5,few clouds
26,Katsuura,JP,35.1333,140.3,84.22,86,54,17.09,broken clouds
27,Atuona,PF,-9.8,-139.0333,77.36,71,3,15.05,clear sky
28,Rikitea,PF,-23.1203,-134.9692,74.43,82,99,24.9,light rain
29,Port Elizabeth,ZA,-33.918,25.5701,50.29,93,0,6.91,clear sky
30,Lavrentiya,RU,65.5833,-171.0,40.62,79,100,17.18,overcast clouds
31,Krasnyy Oktyabr,RU,56.1167,38.8833,54.88,93,12,8.01,few clouds
32,Karratha,AU,-20.7377,116.8463,75.56,60,0,3.6,clear sky
33,Pec,XK,42.6591,20.2883,67.19,51,0,5.77,clear sky
34,Campbeltown,GB,55.4258,-5.6076,55.63,85,100,3.91,overcast clouds
35,Kavieng,PG,-2.5744,150.7967,82.4,76,100,11.1,light rain
36,Kaitangata,NZ,-46.2817,169.8464,44.98,84,100,1.77,overcast clouds
37,Cabo San Lucas,MX,22.8909,-109.9124,94.6,65,4,12.26,clear sky
38,Macae,BR,-22.3708,-41.7869,65.95,100,20,3.44,few clouds
39,West Wendover,US,40.7391,-114.0733,92.41,20,0,17.27,clear sky
40,Qaanaaq,GL,77.484,-69.3632,43.68,96,100,8.5,moderate rain
41,Thompson,CA,55.7435,-97.8558,64.56,72,75,9.22,broken clouds
42,San Ramon De La Nueva Oran,AR,-23.1322,-64.326,63.43,65,42,0.87,scattered clouds
43,Armizonskoye,RU,55.9461,67.6736,59.25,88,92,9.17,overcast clouds
44,Tiarei,PF,-17.5333,-149.3333,78.82,76,7,12.57,light rain
45,Mataura,NZ,-46.1927,168.8643,43.48,88,100,2.35,overcast clouds
46,Hobart,AU,-42.8794,147.3294,53.26,64,20,10.36,few clouds
47,Nago,JP,26.5881,127.9761,90.03,76,14,12.37,few clouds
48,Kodiak,US,57.79,-152.4072,54.91,88,100,0.0,overcast clouds
49,Tezu,IN,27.9167,96.1667,76.53,98,100,1.12,overcast clouds
50,Aklavik,CA,68.2191,-135.0107,73.22,38,76,10.74,broken clouds
51,Iwanai,JP,42.9744,140.5089,78.51,61,94,2.95,overcast clouds
52,Pacocha,PE,-17.5833,-71.3333,58.14,87,56,2.46,broken clouds
53,Hasaki,JP,35.7333,140.8333,86.29,82,15,18.68,few clouds
54,San Cristobal,VE,7.7669,-72.225,71.78,98,99,2.91,overcast clouds
55,Jamestown,US,42.097,-79.2353,74.84,74,0,9.22,clear sky
56,Hobyo,SO,5.3505,48.5268,75.18,83,41,22.24,scattered clouds
57,Ponta Do Sol,PT,32.6667,-17.1,69.71,78,7,7.18,clear sky
58,Glenwood Springs,US,39.5505,-107.3248,79.83,27,0,4.61,clear sky
59,Tazovskiy,RU,67.4667,78.7,46.42,74,100,7.87,overcast clouds
60,Hilo,US,19.7297,-155.09,84.27,83,100,1.01,overcast clouds
61,Pacific Grove,US,36.6177,-121.9166,76.24,86,37,7.0,scattered clouds
62,Hermanus,ZA,-34.4187,19.2345,52.75,70,100,4.29,overcast clouds
63,Tasiilaq,GL,65.6145,-37.6368,36.79,82,84,0.67,broken clouds
64,Kitimat,CA,54.0524,-128.6534,77.38,57,29,1.01,scattered clouds
65,Batagay,RU,67.6333,134.6333,70.5,46,81,4.83,broken clouds
66,Albany,US,42.6001,-73.9662,76.57,80,0,3.65,clear sky
67,Punta Arenas,CL,-53.15,-70.9167,32.11,93,20,24.16,few clouds
68,Alpoyeca,MX,17.6667,-98.5167,73.47,79,48,5.19,scattered clouds
69,Auki,SB,-8.7676,160.7034,86.97,61,62,3.42,broken clouds
70,Berlevag,NO,70.8578,29.0864,57.0,94,100,11.5,overcast clouds
71,Tlapacoyan,MX,19.9667,-97.2167,75.27,86,26,2.68,scattered clouds
72,Saint-Philippe,RE,-21.3585,55.7679,65.79,71,27,11.07,scattered clouds
73,East London,ZA,-33.0153,27.9116,57.18,78,0,8.32,clear sky
74,Saint-Georges,GD,12.0564,-61.7485,82.08,78,20,19.57,few clouds
75,Nikolskoye,RU,59.7035,30.7861,63.88,94,3,3.96,clear sky
76,Novyy Urengoy,RU,66.0833,76.6333,44.4,84,100,6.44,overcast clouds
77,Meulaboh,ID,4.1363,96.1285,82.29,69,61,3.4,broken clouds
78,Merauke,ID,-8.4667,140.3333,79.5,73,53,10.56,broken clouds
79,Lufilufi,WS,-13.8745,-171.5986,89.38,73,11,14.72,few clouds
80,Vila Velha,BR,-20.3297,-40.2925,69.75,93,75,2.3,broken clouds
81,Novopetrovskoye,RU,55.9928,36.4719,52.32,94,3,7.43,clear sky
82,Olafsvik,IS,64.8945,-23.7142,52.03,88,100,5.35,overcast clouds
83,Port Hardy,CA,50.6996,-127.4199,60.98,72,20,10.36,few clouds
84,Ranong,TH,9.9658,98.6348,78.73,80,100,3.29,light rain
85,Gwadar,PK,25.1216,62.3254,82.98,82,100,8.39,overcast clouds
86,Vila,PT,42.0304,-8.1588,58.69,84,93,5.3,overcast clouds
87,Ormara,PK,25.2088,64.6357,83.35,84,100,8.81,overcast clouds
88,Zhirnovsk,RU,50.9845,44.7735,59.43,74,100,5.35,overcast clouds
89,Salina,US,38.8403,-97.6114,89.94,52,0,1.01,clear sky
90,Dauphin,CA,51.1494,-100.0502,75.34,50,0,14.97,clear sky
91,Yulara,AU,-25.2406,130.9889,66.58,23,0,6.38,clear sky
92,Bluff,NZ,-46.6,168.3333,43.81,71,99,7.72,overcast clouds
93,Rabaul,PG,-4.1967,152.1721,82.02,72,100,4.36,overcast clouds
94,Chapais,CA,49.7834,-74.8492,64.18,96,100,11.92,overcast clouds
95,Yeppoon,AU,-23.1333,150.7333,69.58,68,18,15.26,few clouds
96,Ostrovnoy,RU,68.0531,39.5131,59.83,84,61,6.67,broken clouds
97,Geraldton,AU,-28.7667,114.6,59.41,82,100,9.22,overcast clouds
98,Arraial Do Cabo,BR,-22.9661,-42.0278,70.83,84,3,15.01,clear sky
99,Victoria,HK,22.2855,114.1577,91.26,75,0,4.0,clear sky
100,Port-Gentil,GA,-0.7193,8.7815,73.87,86,79,14.47,broken clouds
101,Hengyang,CN,26.8881,112.615,90.05,63,24,5.75,few clouds
102,Lebu,CL,-37.6167,-73.65,51.96,91,100,14.09,moderate rain
103,Calama,CL,-22.4667,-68.9333,46.89,18,92,11.5,overcast clouds
104,Esperance,AU,-33.8667,121.9,57.67,76,38,19.53,scattered clouds
105,Asfi,MA,32.2994,-9.2372,73.89,81,32,18.25,scattered clouds
106,Dzhebariki-Khaya,RU,62.2167,135.8,83.88,39,100,8.34,overcast clouds
107,Xining,CN,36.6167,101.7667,56.84,65,0,2.35,clear sky
108,Auray,FR,47.6703,-2.9918,62.74,87,100,8.01,overcast clouds
109,Tura,IN,25.5198,90.2201,80.2,89,99,2.04,moderate rain
110,Enugu,NG,6.4402,7.4943,70.56,97,100,5.08,overcast clouds
111,Northam,GB,51.0333,-4.2167,60.39,91,100,6.53,overcast clouds
112,Kingsport,US,36.5484,-82.5618,77.54,89,82,3.31,broken clouds
113,Darhan,MN,49.4867,105.9228,56.98,90,100,3.44,moderate rain
114,Nome,US,64.5011,-165.4064,48.16,90,99,17.81,overcast clouds
115,Cape Town,ZA,-33.9258,18.4232,57.38,84,0,2.3,clear sky
116,Gat,IL,31.61,34.7642,76.41,100,0,0.67,clear sky
117,Bambous Virieux,MU,-20.3428,57.7575,70.05,78,40,12.66,scattered clouds
118,Tuktoyaktuk,CA,69.4541,-133.0374,60.8,82,75,9.22,broken clouds
119,Mankera,PK,31.3866,71.4407,84.0,72,100,12.24,heavy intensity rain
120,Atar,MR,20.5169,-13.0499,89.82,38,4,4.94,clear sky
121,Saskylakh,RU,71.9167,114.0833,54.36,60,100,7.72,overcast clouds
122,Port Alfred,ZA,-33.5906,26.891,56.59,81,3,9.4,clear sky
123,Sinnamary,GF,5.3833,-52.95,77.07,89,70,7.72,broken clouds
124,Chokurdakh,RU,70.6333,147.9167,59.85,27,77,6.17,broken clouds
125,Tuatapere,NZ,-46.1333,167.6833,44.22,92,100,3.13,overcast clouds
126,Mar Del Plata,AR,-38.0023,-57.5575,50.09,70,0,5.75,clear sky
127,Khatanga,RU,71.9667,102.5,59.16,60,100,10.56,overcast clouds
128,Port Macquarie,AU,-31.4333,152.9167,59.9,88,100,5.75,overcast clouds
129,Vogar,IS,63.9832,-22.3874,53.64,100,100,3.44,light intensity drizzle
130,La Ronge,CA,55.1001,-105.2842,68.22,52,75,14.97,broken clouds
131,Dongsheng,CN,39.8161,109.9776,62.49,51,100,8.19,overcast clouds
132,Lafia,NG,8.4833,8.5167,71.42,98,100,3.11,light rain
133,San Carlos De Bariloche,AR,-41.1456,-71.3082,35.24,93,75,10.36,snow
134,Santiago De Cao,PE,-7.9589,-79.2392,60.93,82,66,9.22,fog
135,Sarahan,IN,31.5167,77.8,67.96,80,99,2.1,overcast clouds
136,Rahuri,IN,19.3833,74.65,74.48,82,100,5.17,overcast clouds
137,Monte Aprazivel,BR,-20.7725,-49.7142,72.25,40,5,6.78,clear sky
138,Naples,IT,40.8333,14.25,78.85,88,0,2.37,clear sky
139,Hithadhoo,MV,-0.6,73.0833,78.17,85,100,13.13,light rain
140,Viedma,AR,-40.8135,-62.9967,46.2,46,100,10.47,overcast clouds
141,Timizart,DZ,36.8,4.2667,74.86,50,0,3.69,clear sky
142,Nemuro,JP,43.3236,145.575,61.68,82,0,2.48,clear sky
143,Pochutla,MX,15.7432,-96.4661,80.82,90,100,2.55,overcast clouds
144,Saint-Augustin,CA,51.226,-58.6502,62.73,65,96,6.2,overcast clouds
145,Shihezi,CN,44.3,86.0333,86.77,17,0,2.19,clear sky
146,Dehloran,IR,32.6941,47.2679,95.63,13,0,8.59,clear sky
147,Luanda,AO,-8.8368,13.2343,67.26,82,95,6.76,overcast clouds
148,Panama City,PA,8.9936,-79.5197,80.17,90,40,3.44,scattered clouds
149,Severo-Kurilsk,RU,50.6789,156.125,53.19,95,100,22.15,moderate rain
150,Ambilobe,MG,-13.2,49.05,64.02,73,1,4.9,clear sky
151,Matagami,CA,49.7502,-77.6328,60.91,94,100,11.5,mist
152,Haines Junction,CA,60.7522,-137.5108,66.15,37,97,9.22,overcast clouds
153,Narsaq,GL,60.9167,-46.05,49.19,79,3,2.64,clear sky
154,Raja Sansi,IN,31.7192,74.7978,82.38,89,75,0.0,light rain
155,Rovaniemi,FI,66.5,25.7167,62.01,88,0,3.44,clear sky
156,Avarua,CK,-21.2078,-159.775,75.25,69,75,19.57,broken clouds
157,Lodja,CD,-3.4833,23.4333,71.46,76,67,0.6,broken clouds
158,Soyo,AO,-6.1349,12.3689,69.33,86,88,8.46,overcast clouds
159,Saldanha,ZA,-33.0117,17.9442,44.65,80,100,8.03,overcast clouds
160,Ixtapa,MX,20.7,-105.2,81.16,93,51,1.79,broken clouds
161,New Norfolk,AU,-42.7826,147.0587,53.1,76,2,1.99,clear sky
162,Yantal,RU,56.8471,105.2542,71.06,53,100,5.44,overcast clouds
163,Gobabis,NA,-22.45,18.9667,50.14,53,0,10.54,clear sky
164,Tadine,NC,-21.55,167.8833,77.67,78,100,14.79,overcast clouds
165,Olavarria,AR,-36.8927,-60.3225,43.99,45,17,3.33,few clouds
166,Buin,CL,-33.7333,-70.75,56.73,60,0,3.58,clear sky
167,Constitucion,CL,-35.3333,-72.4167,51.71,86,8,7.72,clear sky
168,Ukiah,US,39.1502,-123.2078,93.43,38,0,6.85,clear sky
169,Acapulco,MX,16.8634,-99.8901,82.08,82,36,3.6,scattered clouds
170,Torres,BR,-29.3353,-49.7269,71.83,89,100,3.22,overcast clouds
171,Rawson,AR,-43.3002,-65.1023,42.46,47,100,9.48,overcast clouds
172,Moerai,PF,-22.4333,-151.3333,71.8,57,4,18.5,clear sky
173,Ocampo,MX,21.65,-101.5,66.79,47,52,19.22,broken clouds
174,Clarence Town,AU,-32.5833,151.7833,66.15,73,54,9.73,light rain
175,Henties Bay,NA,-22.116,14.2845,62.17,56,0,3.83,clear sky
176,San Patricio,US,28.017,-97.5169,87.55,71,2,14.09,clear sky
177,Mezhgorye,UA,44.9667,34.4167,60.21,77,0,8.25,clear sky
178,Lamu,KE,-2.2717,40.902,73.99,81,51,17.96,light rain
179,Sao Filipe,CV,14.8961,-24.4956,74.03,89,80,5.53,broken clouds
180,Mindelo,CV,16.8901,-24.9804,76.55,73,75,6.91,broken clouds
181,Mahebourg,MU,-20.4081,57.7,70.09,78,40,12.66,scattered clouds
182,Tilichiki,RU,60.4667,166.1,64.24,44,1,2.77,clear sky
183,Anadyr,RU,64.75,177.4833,57.7,50,40,13.42,scattered clouds
184,Husavik,IS,66.0449,-17.3389,47.43,89,48,3.47,scattered clouds
185,Roald,NO,62.5833,6.1333,55.17,87,75,3.44,broken clouds
186,Harper,LR,4.375,-7.7169,75.2,76,99,7.18,overcast clouds
187,Touros,BR,-5.1989,-35.4608,73.24,90,100,8.5,overcast clouds
188,San-Pedro,CI,4.7485,-6.6363,74.52,77,99,4.41,overcast clouds
189,Strezhevoy,RU,60.7333,77.5889,53.53,95,100,6.78,light rain
190,College,US,64.8569,-147.8028,66.29,65,100,5.75,light rain
191,Padang,ID,-0.9492,100.3543,78.85,71,81,1.23,broken clouds
192,Barrow,US,71.2906,-156.7887,44.62,76,75,25.32,broken clouds
193,Half Moon Bay,US,37.4636,-122.4286,79.45,85,100,10.56,mist
194,Shitanjing,CN,39.2342,106.3439,69.04,29,0,7.16,clear sky
195,Sanandaj,IR,35.3144,46.9923,73.18,24,0,1.9,clear sky
196,Bethel,US,41.3712,-73.414,81.34,84,41,3.91,scattered clouds
197,Itarema,BR,-2.9248,-39.9167,77.41,78,77,12.84,broken clouds
198,Bowen,AU,-20.0167,148.2333,72.12,51,0,8.25,clear sky
199,Ribeira Grande,PT,38.5167,-28.7,72.54,88,38,2.82,scattered clouds
200,Kushiro,JP,42.975,144.3747,67.86,79,34,4.23,scattered clouds
201,Baykit,RU,61.67,96.37,68.38,60,0,7.18,clear sky
202,Wichita Falls,US,33.9137,-98.4934,86.25,55,0,3.44,clear sky
203,Finnsnes,NO,69.2296,17.9811,52.75,88,100,3.44,light rain
204,Nyimba,ZM,-14.5566,30.8149,66.25,59,76,6.42,broken clouds
205,Mouila,GA,-1.8685,11.0559,70.79,86,98,2.39,overcast clouds
206,Minbu,MM,20.1833,94.8833,86.23,68,100,7.31,overcast clouds
207,Kijang,KR,35.2442,129.2139,79.93,66,26,3.11,scattered clouds
208,Chuy,UY,-33.6971,-53.4616,50.81,90,98,5.91,overcast clouds
209,Shagamu,NG,6.8432,3.6478,74.23,89,100,4.05,overcast clouds
210,Fontenay-Le-Comte,FR,46.5833,-1.0,64.04,58,97,4.27,overcast clouds
211,Dingle,PH,10.9995,122.6711,86.11,74,41,8.3,scattered clouds
212,Fort Nelson,CA,58.8053,-122.7002,61.45,54,95,4.85,overcast clouds
213,Provideniya,RU,64.3833,-173.3,44.71,81,75,25.01,broken clouds
214,Odweyne,SO,9.4092,45.064,70.68,51,64,19.04,broken clouds
215,Norman Wells,CA,65.282,-126.8329,74.19,50,78,7.49,broken clouds
216,Iqaluit,CA,63.7506,-68.5145,41.7,93,72,6.06,broken clouds
217,Tiksi,RU,71.6872,128.8694,45.09,77,63,7.78,broken clouds
218,Caxito,AO,-8.5785,13.6643,63.82,96,54,1.88,broken clouds
219,Polunochnoye,RU,60.8697,60.4153,61.65,67,70,7.0,broken clouds
220,Nelson Bay,AU,-32.7167,152.15,65.08,77,64,18.99,light rain
221,Bafoulabe,ML,13.8065,-10.8321,76.87,90,99,2.24,light rain
222,Trossingen,DE,48.0767,8.6441,61.32,63,11,1.32,few clouds
223,Pozo Colorado,PY,-23.4923,-58.7972,75.74,39,99,6.4,overcast clouds
224,Ha Giang,VN,22.8333,104.9833,84.99,72,55,1.97,broken clouds
225,Posse,BR,-14.0931,-46.3694,65.62,48,7,8.28,clear sky
226,Hervey Bay,AU,-25.2986,152.8535,62.49,92,100,22.28,light rain
227,Umm Lajj,SA,25.0213,37.2685,84.6,64,45,7.96,scattered clouds
228,Gazojak,TM,41.1875,61.4036,92.71,15,0,10.38,clear sky
229,Faya,SA,18.3851,42.4509,65.34,48,21,6.31,few clouds
230,Zyryanovsk,KZ,49.7386,84.2719,59.04,95,100,2.19,overcast clouds
231,Sitka,US,57.0531,-135.33,57.09,77,100,3.44,overcast clouds
232,Dali,CN,25.7,100.1833,69.42,78,100,2.95,overcast clouds
233,Comodoro Rivadavia,AR,-45.8667,-67.5,35.46,44,0,9.22,clear sky
234,San Miguel,SV,13.4833,-88.1833,75.36,95,83,2.55,broken clouds
235,Barbastro,ES,42.0356,0.1269,77.54,52,0,5.5,clear sky
236,Sao Joao Da Barra,BR,-21.6403,-41.0511,69.66,87,0,6.93,clear sky
237,Mehamn,NO,71.0357,27.8492,55.31,94,100,24.16,drizzle
238,Emerald,AU,-23.5333,148.1667,64.35,66,2,16.71,clear sky
239,Lorengau,PG,-2.0226,147.2712,84.94,70,56,10.71,broken clouds
240,Ganta,LR,7.3022,-8.5308,68.47,99,98,1.66,overcast clouds
241,Prainha,BR,-1.8,-53.48,76.17,78,39,2.42,scattered clouds
242,Aykhal,RU,66.0,111.5,58.93,75,100,6.98,overcast clouds
243,Izhma,RU,65.0083,53.9113,52.92,49,89,6.89,overcast clouds
244,Hualmay,PE,-11.0964,-77.6139,61.41,83,5,12.19,clear sky
245,Pevek,RU,69.7008,170.3133,31.53,99,100,12.03,light snow
246,Saint-Michel-Des-Saints,CA,46.6834,-73.9159,69.94,96,25,10.07,scattered clouds
247,Oruro,BO,-17.9833,-67.15,44.64,16,75,7.34,broken clouds
248,Athabasca,CA,54.7169,-113.2854,68.43,54,96,8.25,overcast clouds
249,Guerrero Negro,MX,27.9769,-114.0611,69.73,77,0,20.07,clear sky
250,Ipora,BR,-16.4419,-51.1178,67.69,41,4,4.7,clear sky
251,Wolfen,DE,51.6667,12.2833,66.81,83,6,6.31,clear sky
252,Sitrah,BH,26.1547,50.6206,93.36,74,0,5.75,clear sky
253,Pirai Do Sul,BR,-24.5261,-49.9486,59.61,85,100,1.66,overcast clouds
254,Nong Khai,TH,17.9167,103.0833,79.29,93,99,9.62,overcast clouds
255,Freeport,US,40.6576,-73.5832,91.26,50,42,4.0,scattered clouds
256,Portland,US,45.5234,-122.6762,85.98,55,0,10.36,clear sky
257,Iquique,CL,-20.2208,-70.1431,58.33,83,98,2.08,overcast clouds
258,Maceio,BR,-9.6658,-35.7353,76.44,88,75,3.44,broken clouds
259,Kurilsk,RU,45.2333,147.8833,54.34,97,99,11.18,overcast clouds
260,Egvekinot,RU,66.3167,-179.1667,47.64,49,94,9.55,overcast clouds
261,Airai,TL,-8.9266,125.4092,68.72,40,42,4.41,scattered clouds
262,Puerto Padre,CU,21.195,-76.6028,79.03,87,45,7.67,scattered clouds
263,Vila Franca Do Campo,PT,37.7167,-25.4333,71.2,83,38,2.55,scattered clouds
264,Parrita,CR,9.5201,-84.3225,75.54,94,100,3.2,overcast clouds
265,Belen,TR,36.4891,36.2233,67.96,88,0,6.93,clear sky
266,Hambantota,LK,6.1241,81.1185,77.34,100,20,6.91,few clouds
267,Longyearbyen,SJ,78.2186,15.6401,49.84,87,75,2.3,broken clouds
268,Cidreira,BR,-30.1811,-50.2056,62.82,92,100,0.36,overcast clouds
269,Beringovskiy,RU,63.05,179.3167,50.74,65,63,6.82,broken clouds
270,Klaksvik,FO,62.2266,-6.589,45.52,86,99,6.08,overcast clouds
271,Leh,IN,34.1667,77.5833,67.12,16,42,2.86,scattered clouds
272,Kez,RU,57.8979,53.7152,56.95,92,41,2.84,scattered clouds
273,Uvira,CD,-3.4067,29.1458,71.22,70,51,1.61,broken clouds
274,Porto Novo,BJ,6.4965,2.6036,75.34,81,98,6.64,overcast clouds
275,Kushima,JP,31.4583,131.2333,86.58,57,1,9.6,clear sky
276,Xapuri,BR,-10.6517,-68.5044,73.49,52,0,0.87,clear sky
277,Luderitz,NA,-26.6481,15.1594,61.0,55,0,8.03,clear sky
278,Batemans Bay,AU,-35.7167,150.1833,57.09,66,34,7.61,scattered clouds
279,Porto Santo,PT,33.072,-16.3415,68.38,73,75,13.8,broken clouds
280,Aguimes,ES,27.9054,-15.4461,68.63,83,20,31.07,few clouds
281,Peruibe,BR,-24.32,-46.9983,64.31,95,34,3.15,scattered clouds
282,Santa Rosa,PH,14.3122,121.1114,85.08,77,20,7.05,few clouds
283,De-Kastri,RU,51.4667,140.7833,59.25,91,100,4.83,overcast clouds
284,Tombouctou,ML,20.0,-3.0,90.16,39,17,7.14,few clouds
285,Havelock,US,34.8791,-76.9013,83.01,92,0,12.66,clear sky
286,Cabedelo,BR,-6.9811,-34.8339,74.98,85,100,6.62,overcast clouds
287,Shingu,JP,33.7333,135.9833,83.52,77,64,2.95,broken clouds
288,Carnarvon,AU,-24.8667,113.6333,64.2,60,0,19.06,clear sky
289,Waipawa,NZ,-41.4122,175.5153,46.96,73,94,12.28,overcast clouds
290,Namibe,AO,-15.1961,12.1522,61.61,89,0,5.03,clear sky
291,Kahului,US,20.8947,-156.47,87.82,62,40,24.16,scattered clouds
292,Garwa,IN,24.1833,83.8167,83.91,74,100,4.05,overcast clouds
293,Golkoy,TR,40.6875,37.6178,51.21,75,0,4.32,clear sky
294,Kruisfontein,ZA,-34.0033,24.7314,49.19,76,100,6.35,overcast clouds
295,Jaguarari,BR,-10.2639,-40.1958,61.32,92,71,6.96,broken clouds
296,Te Anau,NZ,-45.4167,167.7167,44.46,85,60,1.14,broken clouds
297,Labuan,MY,5.2767,115.2417,80.89,75,99,3.6,overcast clouds
298,Kazanskoye,RU,55.6448,69.235,60.85,84,62,10.65,broken clouds
299,Newport,GB,51.5877,-2.9984,66.25,77,100,7.43,overcast clouds
300,Nantucket,US,41.2835,-70.0995,77.02,94,100,6.91,mist
301,Rio Gallegos,AR,-51.6226,-69.2181,30.43,82,8,23.42,clear sky
302,Prince Rupert,CA,54.3161,-130.3201,60.48,77,94,4.63,overcast clouds
303,Kalmunai,LK,7.4167,81.8167,80.13,81,84,5.64,broken clouds
304,Lagoa,PT,39.05,-27.9833,70.93,91,100,5.66,overcast clouds
305,Rabo De Peixe,PT,37.8,-25.5833,70.29,76,20,3.44,few clouds
306,Amuntai,ID,-2.4177,115.2494,85.8,65,100,2.75,overcast clouds
307,Tra Vinh,VN,9.9347,106.3453,82.94,70,12,3.67,few clouds
308,Broken Hill,AU,-31.95,141.4333,59.2,57,98,15.68,overcast clouds
309,Souillac,MU,-20.5167,57.5167,69.75,69,29,14.05,scattered clouds
310,Mahon,ES,39.8885,4.2658,72.16,88,0,3.44,clear sky
311,Canala,NC,-21.5333,165.95,76.87,80,100,8.79,overcast clouds
312,Lata,PT,40.1629,-8.3327,57.51,95,42,0.96,scattered clouds
313,Tres Lagoas,BR,-20.7511,-51.6783,71.01,39,53,4.99,broken clouds
314,Carbonia,IT,39.1672,8.5222,77.02,45,0,3.8,clear sky
315,Praia,CV,14.9215,-23.5087,76.15,83,100,3.22,overcast clouds
316,Sinegorskiy,RU,48.0139,40.8447,61.25,73,55,6.11,broken clouds
317,Kamloops,CA,50.6665,-120.3192,89.74,36,100,7.0,overcast clouds
318,Hami,CN,42.8,93.45,82.06,20,0,0.76,clear sky
319,Vestmannaeyjar,IS,63.4427,-20.2734,52.05,96,100,6.53,overcast clouds
320,Altus,US,34.6381,-99.334,90.91,40,0,11.5,clear sky
321,Ngunguru,NZ,-35.6167,174.5,55.26,74,40,8.81,scattered clouds
322,Verkhnevilyuysk,RU,63.4453,120.3167,64.58,72,60,6.11,broken clouds
323,Kysyl-Syr,RU,63.8986,122.7617,59.29,85,100,7.23,overcast clouds
324,Kyzyl-Suu,KG,42.3414,78.0056,70.57,37,0,1.3,clear sky
325,Port Blair,IN,11.6667,92.75,80.46,82,100,5.46,overcast clouds
326,Iisalmi,FI,63.5592,27.1907,60.33,92,90,3.96,overcast clouds
327,Oytal,KZ,42.9057,73.2697,85.57,19,0,2.86,clear sky
328,Ahipara,NZ,-35.1667,173.1667,59.34,62,100,7.52,overcast clouds
329,Fairbanks,US,64.8378,-147.7164,66.31,69,100,5.75,light rain
330,Sarkand,KZ,45.41,79.9186,88.83,21,4,1.48,clear sky
331,Minot,US,48.2325,-101.2963,73.62,53,0,6.91,clear sky
332,Kendari,ID,-3.945,122.4989,79.86,83,91,5.5,overcast clouds
333,Zhigansk,RU,66.7697,123.3711,59.86,89,100,18.52,overcast clouds
334,Laguna,US,38.421,-121.4238,101.44,27,0,12.66,clear sky
335,Houma,US,29.5958,-90.7195,82.0,88,0,0.0,clear sky
336,Ouango,CF,4.3133,22.5552,70.16,100,100,1.43,heavy intensity rain
337,Vila Real,PT,41.3006,-7.7441,61.12,50,69,1.86,broken clouds
338,Necochea,AR,-38.5473,-58.7368,46.36,39,100,5.59,overcast clouds
339,Novodugino,RU,55.6305,34.2842,51.12,96,0,8.03,clear sky
340,Taoudenni,ML,22.6783,-3.9836,90.55,40,14,6.71,few clouds
341,Sechura,PE,-5.5569,-80.8222,63.5,78,58,13.02,broken clouds
342,Maningrida,AU,-12.0667,134.2667,81.43,26,58,11.34,broken clouds
343,Awbari,LY,26.5921,12.7805,78.01,30,0,8.86,clear sky
344,Araioses,BR,-2.89,-41.9031,76.01,85,21,4.94,few clouds
345,Manono,CD,-7.3,27.4167,70.09,54,6,4.52,clear sky
346,Peleduy,RU,59.6289,112.7406,75.09,48,100,2.91,overcast clouds
347,Isangel,VU,-19.55,169.2667,81.09,65,17,13.53,few clouds
348,Grand Gaube,MU,-20.0064,57.6608,70.38,71,47,5.99,scattered clouds
349,Chingola,ZM,-12.529,27.8838,54.5,75,10,5.73,clear sky
350,San Isidro,PE,-12.1167,-77.05,58.59,82,100,12.66,overcast clouds
351,Kabinda,CD,-6.1333,24.4833,67.33,54,7,4.0,clear sky
352,Goderich,CA,43.7501,-81.7165,73.9,68,0,6.13,clear sky
353,Alofi,NU,-19.0595,-169.9187,80.49,65,75,8.05,broken clouds
354,Utete,TZ,-7.986,38.758,65.12,94,1,1.95,clear sky
355,Westerly,US,41.3776,-71.8273,78.93,90,0,3.44,mist
356,San Andres,CO,12.5847,-81.7006,82.42,83,100,12.66,overcast clouds
357,Urumqi,CN,43.801,87.6005,81.55,20,0,4.47,clear sky
358,Aswan,EG,24.0934,32.907,85.3,20,0,11.5,clear sky
359,Barcelos,PT,41.5388,-8.6151,65.91,87,98,2.68,overcast clouds
360,Les Cayes,HT,18.2,-73.75,79.99,83,93,4.21,overcast clouds
361,Liverpool,GB,53.4106,-2.9779,63.14,78,100,1.14,overcast clouds
362,Mezen,RU,65.8522,44.24,53.55,76,50,3.8,scattered clouds
363,Nishihara,JP,26.1842,127.7558,89.26,74,75,11.5,broken clouds
364,Lieksa,FI,63.3167,30.0167,61.81,80,91,7.36,overcast clouds
365,Jumla,NP,29.2747,82.1838,66.22,88,100,0.94,overcast clouds
366,Linkou,CN,45.3,130.2833,70.75,85,79,8.72,broken clouds
367,Korla,CN,41.7597,86.1469,82.45,26,0,6.02,clear sky
368,Cap Malheureux,MU,-19.9842,57.6142,70.47,71,39,5.99,scattered clouds
369,Glendive,US,47.1053,-104.7125,85.48,36,0,6.91,clear sky
370,Igaci,BR,-9.5369,-36.6336,64.4,94,63,2.24,broken clouds
371,Jalu,LY,29.0331,21.5482,74.91,37,0,9.08,clear sky
372,Asau,RO,46.4333,26.4,54.52,52,0,5.23,clear sky
373,Kolyvan,RU,55.3053,82.7391,65.82,87,87,13.02,overcast clouds
374,Osoyoos,CA,49.0331,-119.4524,92.34,19,46,5.08,scattered clouds
375,Mogadishu,SO,2.0371,45.3438,75.4,86,40,18.92,light rain
376,Corridonia,IT,43.2511,13.5088,77.76,50,0,4.12,clear sky
377,Sisimiut,GL,66.9395,-53.6735,47.95,79,100,11.3,overcast clouds
378,Chunian,PK,30.964,73.9803,80.46,88,100,7.52,overcast clouds
379,Shelburne,CA,44.0787,-80.2041,70.12,79,0,7.27,clear sky
380,Sibi,PK,29.5448,67.8764,88.81,60,99,2.15,overcast clouds
381,Springbok,ZA,-29.6643,17.8865,52.29,42,5,7.18,clear sky
382,Perth,AU,-31.9333,115.8333,59.18,96,100,6.91,drizzle
383,Vao,NC,-22.6667,167.4833,74.01,89,100,17.87,overcast clouds
384,Kaeo,NZ,-35.1,173.7833,58.95,65,83,6.53,broken clouds
385,Saint George,US,37.1041,-113.5841,107.64,11,0,13.8,clear sky
386,Cayenne,GF,4.9333,-52.3333,80.1,1,56,2.3,broken clouds
387,Krasnovishersk,RU,60.4078,57.082,59.22,85,43,1.3,scattered clouds
388,Leshukonskoye,RU,64.8989,45.7622,54.0,72,83,4.18,broken clouds
389,Pisco,PE,-13.7,-76.2167,62.65,77,100,2.3,overcast clouds
390,Mitsamiouli,KM,-11.3847,43.2844,74.91,70,7,6.85,clear sky
391,Opuwo,NA,-18.0607,13.84,57.85,30,0,6.69,clear sky
392,Farafangana,MG,-22.8167,47.8333,63.09,89,26,3.83,light rain
393,Staryy Nadym,RU,65.6118,72.6842,47.01,74,100,9.82,overcast clouds
394,Chernyshevskiy,RU,63.0128,112.4714,68.88,55,31,5.3,scattered clouds
395,Ulagan,RU,50.6321,87.9563,51.39,99,100,2.77,light rain
396,Axim,GH,4.8699,-2.2405,73.18,77,58,6.76,broken clouds
397,Torbay,CA,47.6666,-52.7314,61.75,86,14,4.12,few clouds
398,Sibolga,ID,1.7427,98.7792,83.1,68,99,1.32,light rain
399,Big Spring,US,32.2504,-101.4787,90.23,38,17,5.01,few clouds
400,Rincon,US,32.296,-81.2354,82.83,89,20,3.44,few clouds
401,Mirabad,AF,30.4362,61.8383,89.56,11,0,8.32,clear sky
402,Tyrma,RU,50.0833,132.1667,76.21,51,20,1.83,few clouds
403,Yelizovo,RU,53.1873,158.3805,68.14,73,75,13.42,broken clouds
404,Ati,TD,13.2154,18.3353,77.49,74,100,11.72,moderate rain
405,Basco,PH,20.4487,121.9702,85.71,75,64,11.72,broken clouds
406,Petropavlovsk-Kamchatskiy,RU,53.0452,158.6483,66.79,73,75,13.42,light rain
407,Bengkulu,ID,-3.8004,102.2655,80.1,79,84,3.42,broken clouds
408,Yoichi,JP,43.2039,140.7703,70.41,77,96,6.62,overcast clouds
409,Srednekolymsk,RU,67.45,153.6833,59.29,35,3,6.62,clear sky
410,Ronne,DK,55.1009,14.7066,62.51,94,75,2.3,light intensity drizzle
411,Olinda,BR,-8.0089,-34.8553,73.13,88,40,4.61,scattered clouds
412,Sainte-Anne-Des-Monts,CA,49.124,-66.4924,63.88,98,100,6.44,light rain
413,Biak,ID,-0.9131,122.8766,80.58,75,37,8.12,scattered clouds
414,Tahe,CN,52.3333,124.7333,78.98,49,3,4.41,clear sky
415,Santa Isabel Do Rio Negro,BR,-0.4139,-65.0192,73.53,97,99,1.68,overcast clouds
416,Yumen,CN,40.2833,97.2,75.16,21,0,8.5,clear sky
417,Cam Ranh,VN,11.9214,109.1591,85.96,66,0,3.44,clear sky
418,Sao Felix Do Xingu,BR,-6.6447,-51.995,72.59,52,2,1.74,clear sky
419,Sorland,NO,67.667,12.6934,51.66,90,100,21.03,overcast clouds
420,Aktash,RU,50.3,87.7333,44.19,97,100,4.27,light rain
421,Clyde River,CA,70.4692,-68.5914,37.63,100,100,3.44,light rain
422,Serik,TR,36.9169,31.0989,84.45,34,0,10.6,clear sky
423,Virginia Beach,US,36.8529,-75.978,80.02,89,75,8.05,broken clouds
424,Williams Lake,CA,52.1415,-122.1445,81.86,33,3,4.36,clear sky
425,Bilma,NE,18.6853,12.9164,89.6,32,83,8.39,broken clouds
426,Bhinmal,IN,25.0,72.25,81.43,80,100,13.82,overcast clouds
427,Hinton,CA,53.4001,-117.5857,69.67,44,99,5.35,overcast clouds
428,Butembo,CD,0.15,29.2833,59.45,76,99,2.57,overcast clouds
429,Obo,CF,5.3998,26.4869,66.52,98,100,1.43,overcast clouds
430,Ouesso,CG,1.6136,16.0517,69.87,97,99,1.57,overcast clouds
431,Santo Antonio Do Ica,BR,-3.1022,-67.9397,72.39,98,87,1.32,overcast clouds
432,Burnie,AU,-41.0667,145.9167,55.92,85,89,12.33,overcast clouds
433,Jiancheng,CN,30.391,104.5491,66.51,96,100,7.61,overcast clouds
434,Huarmey,PE,-10.0681,-78.1522,62.89,85,19,11.27,few clouds
435,Kieta,PG,-6.2167,155.6333,85.06,61,27,5.44,scattered clouds
436,Cansuje,PH,9.9231,123.4963,77.68,74,100,5.53,moderate rain
437,Pangnirtung,CA,66.1451,-65.7125,43.7,92,38,1.28,scattered clouds
438,Upernavik,GL,72.7868,-56.1549,44.11,97,100,22.21,light rain
439,Hattiesburg,US,31.3271,-89.2903,85.44,77,0,4.61,clear sky
440,Okhotsk,RU,59.3833,143.3,64.69,76,97,7.11,overcast clouds
441,Uruzgan,AF,32.8333,66.0,81.95,16,0,0.51,clear sky
442,Linxia,CN,35.6003,103.2064,61.25,55,0,1.45,clear sky
443,Svetlogorsk,BY,52.6333,29.7333,54.99,95,0,6.69,clear sky
444,Narasannapeta,IN,18.4167,84.05,83.84,75,100,4.76,light rain
445,Bodden Town,KY,19.2833,-81.25,84.2,76,20,10.36,few clouds
446,Montrose,US,38.4166,-108.2673,83.61,20,31,6.62,scattered clouds
447,Kuleshovka,RU,47.078,39.5579,70.93,70,21,6.42,few clouds
448,Pierre,US,44.3683,-100.351,88.86,37,0,11.5,clear sky
449,Kavaratti,IN,10.5669,72.642,81.0,80,100,21.23,overcast clouds
450,Marsh Harbour,BS,26.5412,-77.0636,82.76,75,3,14.85,clear sky
451,Harindanga,IN,22.0383,88.3214,84.63,78,100,4.23,overcast clouds
452,Forio,IT,40.7342,13.8646,78.53,79,0,1.01,clear sky
453,San Pedro,PH,14.35,121.0167,84.31,78,21,6.04,few clouds
454,Mao,ES,39.8885,4.2658,72.16,88,0,3.44,clear sky
455,Chicama,PE,-7.8447,-79.1469,57.74,82,40,5.28,scattered clouds
456,Santa Vitoria Do Palmar,BR,-33.5189,-53.3681,51.19,90,95,5.57,overcast clouds
457,Coihaique,CL,-45.5752,-72.0662,26.55,93,20,0.0,few clouds
458,Chirongui,YT,-12.9319,45.1483,75.13,73,3,15.73,clear sky
459,Chara,RU,56.9064,118.2631,69.4,73,100,1.54,light rain
460,Kainantu,PG,-6.2887,145.8655,75.76,54,14,5.12,few clouds
461,Dhidhdhoo,MV,6.8833,73.1,81.54,78,100,18.45,overcast clouds
462,Katima Mulilo,NA,-17.5,24.2667,54.34,73,48,5.7,scattered clouds
463,Manta,EC,-0.95,-80.7333,71.38,83,40,6.91,scattered clouds
464,Yinchuan,CN,38.4681,106.2731,72.86,29,0,9.13,clear sky
465,Shenjiamen,CN,29.9576,122.298,82.08,82,7,6.91,clear sky
466,Veraval,IN,20.9,70.3667,81.18,82,100,15.03,overcast clouds
467,Hanyang,CN,32.1371,105.5126,63.63,93,100,5.28,overcast clouds
468,Port Lincoln,AU,-34.7333,135.8667,58.33,62,100,19.35,overcast clouds
469,Bandarbeyla,SO,9.4942,50.8122,76.62,73,6,26.44,clear sky
470,Koshurnikovo,RU,54.1667,93.3,66.4,56,62,2.89,broken clouds
471,Nanortalik,GL,60.1432,-45.2371,48.69,80,4,4.9,clear sky
472,Porosozero,RU,62.7191,32.727,62.01,78,99,4.29,overcast clouds
473,Huangmei,CN,30.1924,116.025,89.22,72,45,4.92,scattered clouds
474,Raychikhinsk,RU,49.7838,129.4121,73.4,69,57,5.93,broken clouds
475,Ambon,ID,-3.6954,128.1814,80.74,78,40,6.91,scattered clouds
476,Ussel,FR,45.55,2.3167,58.64,73,0,1.74,clear sky
477,Two Hills,CA,53.7169,-111.7518,68.65,71,92,6.73,overcast clouds
478,Flagstaff,US,35.1981,-111.6513,84.52,33,40,9.22,scattered clouds
479,Alice Springs,AU,-23.7,133.8833,63.95,25,0,5.75,clear sky
480,Itoman,JP,26.1247,127.6694,89.98,76,20,10.36,few clouds
481,Kintampo,GH,8.0563,-1.7306,71.02,80,76,3.56,broken clouds
482,Galveston,US,29.3669,-94.9669,87.76,79,40,9.22,scattered clouds
483,Labuhan,ID,-6.8844,112.2051,81.57,68,100,8.86,overcast clouds
484,Faanui,PF,-16.4833,-151.75,77.27,74,13,10.0,few clouds
485,Teya,RU,60.3778,92.6267,66.83,60,84,6.51,broken clouds
486,Umiray,PH,15.2206,121.4111,84.61,77,40,8.21,scattered clouds
487,Terrace,CA,54.5163,-128.6035,72.68,58,65,3.71,broken clouds
488,Ust-Koksa,RU,50.2696,85.6108,56.25,96,99,2.26,light rain
489,Sur,OM,22.5667,59.5289,85.91,72,27,10.07,scattered clouds
490,Xunchang,CN,28.4543,104.715,76.98,92,100,3.06,overcast clouds
491,Ilulissat,GL,69.2167,-51.1,50.02,87,75,3.44,broken clouds
492,Lapua,FI,62.9693,23.0088,66.31,99,100,3.09,light rain
493,Naze,JP,28.3667,129.4833,84.06,76,29,13.58,scattered clouds
494,Marawi,PH,7.9986,124.2928,82.42,59,87,0.72,overcast clouds
495,Lasa,IT,46.6166,10.7002,66.36,87,24,2.64,few clouds
496,Kerema,PG,-7.9631,145.7785,81.14,79,90,5.64,overcast clouds
497,Sabha,LY,27.0377,14.4283,77.63,33,0,9.44,clear sky
498,Yar-Sale,RU,66.8333,70.8333,43.27,92,100,13.22,light rain
499,Gardanne,FR,43.4549,5.4691,75.49,51,0,2.84,clear sky
500,Kushmurun,KZ,52.4503,64.6311,63.95,66,6,5.91,clear sky
501,Bagdarin,RU,54.4333,113.6,72.19,59,100,5.3,overcast clouds
502,Lengshuijiang,CN,27.6881,111.4294,89.44,64,98,5.88,overcast clouds
503,Belmonte,BR,-15.8631,-38.8828,70.5,87,9,2.82,clear sky
504,Luau,AO,-10.7073,22.2247,61.12,52,16,4.12,few clouds
505,Bingol,TR,38.8847,40.4939,59.88,78,0,7.27,clear sky
506,Maragogi,BR,-9.0122,-35.2225,73.31,90,100,7.83,overcast clouds
507,La Argentina,CO,2.1961,-75.98,57.99,95,99,4.25,overcast clouds
508,Sept-Iles,CA,50.2001,-66.3821,61.32,91,100,13.8,thunderstorm with light rain
509,Jibuti,DJ,11.5,42.5,83.44,42,21,4.81,light rain
510,Cockburn Town,TC,21.4612,-71.1419,82.18,83,8,20.58,clear sky
511,Avera,US,33.194,-82.5271,80.11,82,95,7.63,overcast clouds
512,Alexandria,EG,31.2156,29.9553,77.04,71,0,13.31,clear sky
513,Fayaoue,NC,-20.65,166.5333,77.14,86,100,16.37,overcast clouds
514,Fortuna,US,40.5982,-124.1573,64.92,76,44,5.99,scattered clouds
515,Epernay,FR,49.05,3.95,62.38,91,3,5.77,clear sky
516,Minatitlan,MX,17.9833,-94.5167,78.13,87,71,6.06,broken clouds
517,Erenhot,CN,43.6475,111.9767,64.38,67,100,19.71,moderate rain
518,Troitsko-Pechorsk,RU,62.7084,56.1964,57.99,66,97,5.17,overcast clouds
519,Arlit,NE,18.7369,7.3853,92.62,17,37,9.33,scattered clouds
520,Smidovich,RU,48.6,133.8167,72.18,67,37,13.53,scattered clouds
521,Khorinsk,RU,52.1657,109.7726,69.19,66,100,10.27,overcast clouds
522,Sorong,ID,-0.8833,131.25,81.45,80,33,13.38,scattered clouds
523,Komsomolskiy,UZ,40.4272,71.7189,83.12,30,0,9.22,clear sky
524,Kyabe,TD,9.4515,18.9449,72.0,93,100,5.66,moderate rain
525,Penzance,GB,50.1186,-5.5371,57.88,74,100,12.97,overcast clouds
526,Kuznechnoye,RU,61.12,29.8686,66.99,84,82,4.68,broken clouds
527,Tual,ID,-5.6667,132.75,78.75,70,55,18.63,broken clouds
528,Buraydah,SA,26.326,43.975,86.34,14,52,4.32,broken clouds
529,Muros,ES,42.7762,-9.0603,67.68,81,100,14.18,overcast clouds
530,Golden,US,39.7555,-105.2211,87.49,30,40,6.91,scattered clouds
531,Mamit,IN,23.9333,92.4833,76.03,94,75,0.0,mist
532,Harnosand,SE,62.6323,17.9379,60.8,87,100,13.11,overcast clouds
533,Launceston,AU,-41.45,147.1667,58.6,65,75,8.05,broken clouds
534,Ledyard,US,41.4398,-72.0142,78.73,81,0,3.44,mist
535,Khandyga,RU,62.6667,135.6,83.44,42,87,6.78,overcast clouds
536,Timra,SE,62.487,17.3257,60.48,63,100,11.5,overcast clouds
537,Richards Bay,ZA,-28.783,32.0377,65.08,87,86,6.69,light rain
538,Yarada,IN,17.65,83.2667,82.72,83,75,4.61,mist
539,Leningradskiy,RU,69.3833,178.4167,36.1,99,100,5.41,overcast clouds
540,Falciu,RO,46.2961,28.1408,62.42,52,0,4.76,clear sky
541,Marovoay,MG,-16.1,46.6333,61.5,73,0,5.91,clear sky
542,Methoni,GR,36.8197,21.7049,76.21,57,0,4.14,clear sky
543,Khash,IR,28.2211,61.2158,78.85,57,3,3.36,clear sky
544,Rumford,US,44.5537,-70.5509,72.09,87,0,2.73,clear sky
545,Bonavista,CA,48.6499,-53.1147,55.87,93,90,3.22,overcast clouds
546,Almeirim,BR,-1.5233,-52.5817,77.14,83,82,2.89,broken clouds
547,Botro,CI,7.8525,-5.3106,68.31,98,96,5.5,overcast clouds
548,Camacha,PT,33.0833,-16.3333,65.62,73,75,13.8,broken clouds
549,Itamaraca,BR,-7.7478,-34.8256,73.45,87,100,6.8,overcast clouds
550,Fare,PF,-16.7,-151.0167,76.87,73,2,9.53,light rain
551,Boa Vista,BR,2.8197,-60.6733,80.58,78,40,6.91,light rain
552,Mount Isa,AU,-20.7333,139.5,64.17,24,0,8.05,clear sky
553,Makakilo City,US,21.3469,-158.0858,86.32,54,40,19.57,scattered clouds
554,Jashpurnagar,IN,22.9,84.15,77.25,80,100,3.04,overcast clouds
555,Bulaevo,KZ,54.9056,70.4439,60.01,84,72,11.5,broken clouds
556,Matara,LK,5.9485,80.5353,77.7,89,100,11.5,overcast clouds
557,Maniitsoq,GL,65.4167,-52.9,44.91,90,100,6.55,overcast clouds
558,Dunedin,NZ,-45.8742,170.5036,47.8,72,100,5.99,overcast clouds
559,Lukulu,ZM,-14.3707,23.242,63.19,46,77,7.67,broken clouds
560,Lithakia,GR,37.7167,20.8333,72.68,64,0,0.0,clear sky
561,Kutum,SD,14.2,24.6667,74.91,56,93,4.07,overcast clouds
562,Tarragona,ES,41.129,1.249,82.06,67,20,5.75,few clouds
563,Bridgetown,BB,13.1,-59.6167,82.89,78,40,18.41,scattered clouds
564,Nicoya,CR,10.1483,-85.452,74.97,90,100,2.89,overcast clouds
565,Margate,GB,51.3813,1.3862,63.3,80,16,4.0,few clouds
566,Voh,NC,-20.9667,164.7,82.36,62,100,7.27,overcast clouds
567,Itupiranga,BR,-5.1347,-49.3267,71.92,56,10,1.79,clear sky
568,Kingston,JM,17.997,-76.7936,81.25,77,2,1.01,clear sky
569,Marienburg,PL,54.0359,19.0266,70.88,87,35,4.88,scattered clouds
570,Beyneu,KZ,45.3167,55.2,85.39,31,88,19.22,overcast clouds
571,Robertsport,LR,6.7533,-11.3686,76.69,81,100,12.86,light rain
572,Ketchikan,US,55.3422,-131.6461,63.07,72,75,6.91,broken clouds
573,Kamen-Na-Obi,RU,53.7884,81.3423,66.22,74,0,12.5,clear sky
574,Kilindoni,TZ,-7.9139,39.6668,75.51,72,6,15.01,clear sky
575,Powell,US,40.1578,-83.0752,78.8,74,0,3.44,clear sky
576,Patur,IN,20.45,76.9333,76.28,85,91,12.62,overcast clouds
577,Salalah,OM,17.0151,54.0924,75.29,94,100,5.75,overcast clouds
578,Krasnoselkup,RU,65.7,82.4667,48.42,94,100,2.59,moderate rain
579,Ostersund,SE,63.1792,14.6357,52.61,87,100,9.22,overcast clouds
580,Hofn,IS,64.2539,-15.2082,52.41,79,15,3.76,few clouds
581,Brae,GB,60.3964,-1.353,49.82,87,91,8.57,overcast clouds
582,Coolum Beach,AU,-26.5333,153.1,63.1,96,100,24.02,light rain
583,Talara,PE,-4.5772,-81.2719,63.41,86,33,14.32,scattered clouds
584,Vila Do Maio,CV,15.1333,-23.2167,75.72,82,100,7.23,overcast clouds
585,Villazon,BO,-22.0866,-65.5942,47.95,18,100,4.16,overcast clouds
586,Fuerte Olimpo,PY,-21.0415,-57.8738,74.43,41,95,5.14,overcast clouds
587,Talcahuano,CL,-36.7167,-73.1167,49.68,100,100,5.75,overcast clouds
588,Ewa Beach,US,21.3156,-158.0072,87.75,54,40,19.57,scattered clouds
589,Poum,NC,-20.2333,164.0167,77.9,80,100,18.54,overcast clouds
590,Rodrigues Alves,BR,-7.738,-72.6509,73.0,68,18,2.82,few clouds
591,San Ramon,US,37.7799,-121.978,83.82,61,0,11.5,clear sky
592,Bolobo,CD,-2.1667,16.2333,72.43,79,7,1.92,clear sky
593,Taltal,CL,-25.4,-70.4833,58.26,87,12,3.74,few clouds
594,Asosa,ET,10.0667,34.5333,59.36,93,89,3.42,overcast clouds
595,Izvestkovyy,RU,48.9833,131.55,72.9,62,55,5.59,broken clouds
596,Los Llanos De Aridane,ES,28.6585,-17.9182,67.75,83,75,16.11,broken clouds
597,Manaus,BR,-3.1019,-60.025,77.49,94,0,1.14,clear sky
598,Bathsheba,BB,13.2167,-59.5167,83.01,89,40,18.41,scattered clouds
599,Cravo Norte,CO,6.3017,-70.2041,74.95,87,74,2.75,broken clouds
600,Ilhabela,BR,-23.7781,-45.3581,67.5,91,21,6.33,few clouds
601,Saurimo,AO,-9.6608,20.3916,69.48,39,92,4.9,overcast clouds
602,Akdepe,TM,42.0551,59.3788,91.78,19,0,6.29,clear sky
603,Zakharovo,RU,54.366,39.2792,57.76,96,100,14.83,light rain
604,Kant,IN,27.8,79.8,81.72,78,99,8.14,moderate rain
605,Piraju,BR,-23.1936,-49.3839,66.42,66,100,4.36,overcast clouds
606,Ulladulla,AU,-35.35,150.4667,56.3,75,52,10.2,broken clouds
607,Caravelas,BR,-17.7125,-39.2481,69.96,90,11,6.31,few clouds
608,Hirara,JP,24.8,125.2833,85.08,76,0,10.98,clear sky
609,Rocha,UY,-34.4833,-54.3333,46.99,94,100,3.18,overcast clouds
610,Clinton,US,42.587,-82.9199,84.22,58,40,9.22,scattered clouds
611,Vardo,NO,70.3705,31.1107,58.98,94,100,9.22,overcast clouds
612,Manali,IN,13.1667,80.2667,80.69,91,100,11.72,overcast clouds
613,Dumas,US,35.8656,-101.9732,80.74,50,0,12.66,clear sky
614,Ipixuna,BR,-1.7625,-48.8043,75.43,80,84,3.15,broken clouds
615,Dossor,KZ,47.5272,52.9811,79.03,48,93,3.31,overcast clouds
616,Rabat,MA,33.9911,-6.8401,73.47,100,40,4.61,scattered clouds
617,Moree,AU,-29.4667,149.85,67.42,44,26,16.78,scattered clouds
618,Jaciara,BR,-15.9653,-54.9683,71.02,41,21,3.18,few clouds
619,Brenham,US,30.1669,-96.3977,93.38,46,0,9.22,clear sky
620,Wagar,SD,16.1525,36.2032,82.4,60,96,18.95,overcast clouds
621,Moose Factory,CA,51.2585,-80.6094,58.98,94,100,9.22,overcast clouds
622,Federal Way,US,47.3223,-122.3126,82.09,53,20,8.05,few clouds
623,Kpalime,TG,6.9,0.6333,68.29,90,29,2.42,scattered clouds
624,Imeni Zhelyabova,RU,58.9544,36.5956,56.07,86,48,5.08,scattered clouds
625,Oshikango,NA,-17.4,15.8833,53.26,40,0,6.58,clear sky
626,Luba,GQ,3.4568,8.5547,76.26,89,100,8.05,moderate rain
627,Oktyabrskiy,RU,54.4815,53.471,59.65,85,29,3.09,scattered clouds
628,Hauterive,FR,46.0901,3.4459,63.36,75,0,2.57,clear sky
629,Boyolangu,ID,-8.1181,111.8935,78.26,78,98,10.29,overcast clouds
630,Trelew,AR,-43.249,-65.3051,41.65,47,100,7.83,overcast clouds
631,Hamilton,US,39.1834,-84.5333,79.86,71,0,5.75,clear sky
632,Tommot,RU,58.9564,126.2925,76.6,60,49,3.36,scattered clouds
633,Borisoglebsk,RU,51.3671,42.0849,56.21,95,97,5.35,overcast clouds
634,Vagay,RU,57.9375,69.0217,56.86,70,0,6.33,clear sky
635,Kudat,MY,6.8837,116.8477,85.01,66,96,1.72,overcast clouds
636,Benguela,AO,-12.5763,13.4055,66.85,86,19,4.03,few clouds
637,Sunland Park,US,31.7965,-106.58,98.46,22,75,16.11,broken clouds
638,Sambava,MG,-14.2667,50.1667,68.7,85,96,11.34,light rain
639,Quibdo,CO,5.6947,-76.6611,73.81,98,100,2.44,overcast clouds
640,Oussouye,SN,12.485,-16.5469,76.01,92,100,2.73,moderate rain
641,Hovd,MN,48.0056,91.6419,69.12,33,20,3.31,few clouds
642,Severomuysk,RU,56.1481,113.4267,54.91,87,100,4.72,overcast clouds
643,Bardiyah,LY,31.7561,25.0865,72.79,72,0,7.63,clear sky
644,Simbahan,PH,6.3032,120.5836,82.67,74,45,2.95,scattered clouds
645,Dronninglund,DK,57.1604,10.2929,60.55,97,90,7.36,overcast clouds
646,Andenes,NO,69.3143,16.1194,53.58,87,100,2.3,overcast clouds
647,Zabol,AF,32.25,67.25,76.66,59,59,3.89,broken clouds
648,Ilheus,BR,-14.7889,-39.0494,69.04,90,45,4.76,scattered clouds
649,Sao Francisco Do Sul,BR,-26.2433,-48.6381,73.04,96,12,4.43,few clouds
650,Bouar,CF,5.934,15.596,64.27,98,100,2.39,light rain
651,Alappuzha,IN,9.49,76.3264,79.0,85,100,8.12,moderate rain
652,Zabaykalsk,RU,49.6333,117.3167,80.6,53,2,8.01,clear sky
653,Hounde,BF,11.5,-3.5167,76.21,72,97,3.15,overcast clouds
654,Turmalina,BR,-17.2856,-42.73,56.08,89,0,3.09,clear sky
655,Rudnichnyy,RU,59.617,52.4703,57.58,95,6,4.7,clear sky
656,Jieznas,LT,54.6,24.1667,60.39,87,7,2.93,clear sky
657,Qandala,SO,11.472,49.8728,87.67,45,14,8.88,few clouds
658,Lumeje,AO,-11.55,20.7833,64.92,39,99,6.26,overcast clouds
659,Brezovica Pri Ljubljani,SI,46.0333,14.4,72.37,60,99,1.12,overcast clouds
660,Cairns,AU,-16.9167,145.7667,81.1,68,22,6.91,few clouds
661,Chau Doc,VN,10.7,105.1167,81.52,76,40,2.62,scattered clouds
662,Manokwari,ID,-0.8667,134.0833,80.64,78,100,7.78,overcast clouds
663,Kungurtug,RU,50.5994,97.5228,66.51,43,43,1.45,scattered clouds
664,Beruwala,LK,6.4788,79.9828,79.72,85,100,9.35,overcast clouds
665,Roma,US,43.2128,-75.4557,74.35,91,0,3.44,clear sky
666,Coahuayana,MX,18.7333,-103.6833,80.74,88,100,2.84,overcast clouds
667,Aras,ES,42.5617,-2.356,68.41,73,0,16.11,clear sky
668,Isiro,CD,2.7739,27.616,64.51,99,80,0.63,broken clouds
669,Mount Gambier,AU,-37.8333,140.7667,55.11,70,100,12.15,light rain
670,Zyryanka,RU,65.75,150.85,64.29,41,6,0.63,clear sky
671,Mayumba,GA,-3.432,10.6554,70.47,91,91,7.25,overcast clouds
672,Gizo,SB,-8.103,156.8419,84.47,66,93,6.55,overcast clouds
673,Yakeshi,CN,49.2833,120.7333,80.02,52,4,4.9,clear sky
674,Vanimo,PG,-2.6741,141.3028,85.06,66,93,2.51,overcast clouds
675,Zhanaozen,KZ,43.3,52.8,84.43,30,28,21.77,scattered clouds
676,Wukari,NG,7.85,9.7833,72.16,87,100,5.3,overcast clouds
